{
  "$schema": "http://json-schema.org/draft-07/schema#",
  "$ref": "#/definitions/NextjsPackageConfiguration",
  "definitions": {
    "NextjsPackageConfiguration": {
      "$ref": "#/definitions/ThisPackageConfiguration",
      "description": "Configure NextJS application",
      "title": "NextJs Configuration"
    },
    "ThisPackageConfiguration": {
      "type": "object",
      "properties": {},
      "description": "Configures a static website hosted on AWS.",
      "title": "AWS Static Website Configuration"
    }
  }
}