{
  "$schema": "http://json-schema.org/draft-07/schema#",
  "$ref": "#/definitions/ThisDeploymentConfiguration",
  "definitions": {
    "ThisDeploymentConfiguration": {
      "type": "object",
      "properties": {
        "lambdaNamePrefix": {
          "type": "string",
          "description": "The prefix to be used for names of the generated lambdas for the dynamic endpoints.",
          "title": "Lambda Name Prefix",
          "pattern": "^[A-Za-z0-9-_]*$"
        },
        "domain": {
          "$ref": "#/definitions/Domain"
        },
        "hostedZoneDomain": {
          "$ref": "#/definitions/HostedZoneDomain"
        },
        "lambdas": {
          "$ref": "#/definitions/LambdaRoutesConfig"
        }
      },
      "required": [
        "domain",
        "hostedZoneDomain",
        "lambdas"
      ]
    },
    "Domain": {
      "type": "string",
      "description": "The domain name that the service should be deployed to (e.g. mysite.com)",
      "title": "Domain",
      "pattern": "^[^\\s]*"
    },
    "HostedZoneDomain": {
      "type": "string",
      "description": "The domain name of the Route 53 hosted zone that the domain for this service should be added to.",
      "title": "Hosted Zone Domain",
      "pattern": "^[^\\s]*"
    },
    "LambdaRoutesConfig": {
      "type": "object",
      "additionalProperties": {
        "$ref": "#/definitions/LambdaRouteConfig"
      }
    },
    "LambdaRouteConfig": {
      "type": "object",
      "properties": {
        "function_name": {
          "type": "string"
        },
        "route": {
          "type": "string"
        }
      },
      "required": [
        "function_name",
        "route"
      ],
      "additionalProperties": false
    }
  }
}