{
  "$schema": "http://json-schema.org/draft-07/schema#",
  "$ref": "#/definitions/ThisDeploymentConfiguration",
  "definitions": {
    "ThisDeploymentConfiguration": {
      "type": "object",
      "properties": {
        "tableName": {
          "type": "string",
          "description": "The name of the DynamoDB table. No spaces, numbers or special characters other than '-', '.' and '_' allowed.\n\nSee https://docs.aws.amazon.com/amazondynamodb/latest/developerguide/HowItWorks.NamingRulesDataTypes.html",
          "title": "DynamoDB table name",
          "pattern": "^[A-Za-z0-9-\\._]*$"
        }
      },
      "required": [
        "tableName"
      ]
    }
  }
}